{
  "nodes": [
    "/add_two_ints_server",
    "/listener",
    "/service_user",
    "/talker"
  ],
  "topics": [
    {
      "name": "/chatter"
    }
  ],
  "edges": [
    {
      "from": "/talker",
      "to": "/chatter",
      "kind": "pub"
    }
  ],
  "dynamic_runtime": {
    "runtime": {
      "start_time_ns": 1776081611152844614,
      "end_time_ns": 1776081615855757282,
      "duration_sec": 4.702912668
    },
    "timer": {
      "sample_interval_sec": 0.2,
      "trigger_count": 23,
      "trigger_interval_ms": {
        "mean": 199.87466945454545,
        "p50": 200.04352649999998,
        "p95": 203.63193364999998,
        "max": 309.714023
      },
      "trigger_timestamps_ns": [
        1776081611356385023,
        1776081611558853941,
        1776081611762547086,
        1776081611954677294,
        1776081612154790409,
        1776081612353398801,
        1776081612554616867,
        1776081612753469009,
        1776081612953371985,
        1776081613154592881,
        1776081613354647254,
        1776081613554792916,
        1776081613864506939,
        1776081613953836304,
        1776081614154943076,
        1776081614354975756,
        1776081614554824491,
        1776081614754924457,
        1776081614954728747,
        1776081615153509943,
        1776081615353427802,
        1776081615554310505,
        1776081615753627751
      ]
    },
    "topics_runtime": [
      {
        "topic": "/chatter",
        "type": "std_msgs/msg/String",
        "recv_count": 4,
        "proc_count": 4,
        "recv_rate_hz": 0.8505367380553707,
        "proc_rate_hz": 0.8505367380553707,
        "inter_arrival_ms": {
          "mean": 494.0320043333333,
          "p50": 495.573421,
          "p95": 496.17379839999995,
          "max": 496.240507
        },
        "callback_processing_ms": {
          "mean": 0.008185999999999999,
          "p50": 0.006193,
          "p95": 0.015218099999999995,
          "max": 0.016692
        },
        "latency_ms": {
          "mean": null,
          "p50": null,
          "p95": null,
          "max": null
        },
        "monitor_queue_depth": 50,
        "backlog_max": 0,
        "overflow_risk": false,
        "timeline": [
          {
            "t_ns": 1776081613864506939,
            "recv_count": 0,
            "proc_count": 0,
            "backlog": 0
          },
          {
            "t_ns": 1776081613953836304,
            "recv_count": 0,
            "proc_count": 0,
            "backlog": 0
          },
          {
            "t_ns": 1776081614154943076,
            "recv_count": 1,
            "proc_count": 1,
            "backlog": 0
          },
          {
            "t_ns": 1776081614354975756,
            "recv_count": 1,
            "proc_count": 1,
            "backlog": 0
          },
          {
            "t_ns": 1776081614554824491,
            "recv_count": 2,
            "proc_count": 2,
            "backlog": 0
          },
          {
            "t_ns": 1776081614754924457,
            "recv_count": 2,
            "proc_count": 2,
            "backlog": 0
          },
          {
            "t_ns": 1776081614954728747,
            "recv_count": 2,
            "proc_count": 2,
            "backlog": 0
          },
          {
            "t_ns": 1776081615153509943,
            "recv_count": 3,
            "proc_count": 3,
            "backlog": 0
          },
          {
            "t_ns": 1776081615353427802,
            "recv_count": 3,
            "proc_count": 3,
            "backlog": 0
          },
          {
            "t_ns": 1776081615554310505,
            "recv_count": 4,
            "proc_count": 4,
            "backlog": 0
          },
          {
            "t_ns": 1776081615753627751,
            "recv_count": 4,
            "proc_count": 4,
            "backlog": 0
          }
        ],
        "publisher_endpoints": [
          {
            "node": "/generated/talker",
            "qos_depth": 0,
            "reliability": "ReliabilityPolicy.RELIABLE"
          }
        ],
        "subscription_endpoints": [
          {
            "node": "/dynamic_trace_collector",
            "qos_depth": 0,
            "reliability": "ReliabilityPolicy.BEST_EFFORT"
          }
        ]
      },
      {
        "topic": "/parameter_events",
        "type": "rcl_interfaces/msg/ParameterEvent",
        "recv_count": 0,
        "proc_count": 0,
        "recv_rate_hz": 0.0,
        "proc_rate_hz": 0.0,
        "inter_arrival_ms": {
          "mean": null,
          "p50": null,
          "p95": null,
          "max": null
        },
        "callback_processing_ms": {
          "mean": null,
          "p50": null,
          "p95": null,
          "max": null
        },
        "latency_ms": {
          "mean": null,
          "p50": null,
          "p95": null,
          "max": null
        },
        "monitor_queue_depth": 50,
        "backlog_max": 0,
        "overflow_risk": false,
        "timeline": [
          {
            "t_ns": 1776081611356385023,
            "recv_count": 0,
            "proc_count": 0,
            "backlog": 0
          },
          {
            "t_ns": 1776081611558853941,
            "recv_count": 0,
            "proc_count": 0,
            "backlog": 0
          },
          {
            "t_ns": 1776081611762547086,
            "recv_count": 0,
            "proc_count": 0,
            "backlog": 0
          },
          {
            "t_ns": 1776081611954677294,
            "recv_count": 0,
            "proc_count": 0,
            "backlog": 0
          },
          {
            "t_ns": 1776081612154790409,
            "recv_count": 0,
            "proc_count": 0,
            "backlog": 0
          },
          {
            "t_ns": 1776081612353398801,
            "recv_count": 0,
            "proc_count": 0,
            "backlog": 0
          },
          {
            "t_ns": 1776081612554616867,
            "recv_count": 0,
            "proc_count": 0,
            "backlog": 0
          },
          {
            "t_ns": 1776081612753469009,
            "recv_count": 0,
            "proc_count": 0,
            "backlog": 0
          },
          {
            "t_ns": 1776081612953371985,
            "recv_count": 0,
            "proc_count": 0,
            "backlog": 0
          },
          {
            "t_ns": 1776081613154592881,
            "recv_count": 0,
            "proc_count": 0,
            "backlog": 0
          },
          {
            "t_ns": 1776081613354647254,
            "recv_count": 0,
            "proc_count": 0,
            "backlog": 0
          },
          {
            "t_ns": 1776081613554792916,
            "recv_count": 0,
            "proc_count": 0,
            "backlog": 0
          },
          {
            "t_ns": 1776081613864506939,
            "recv_count": 0,
            "proc_count": 0,
            "backlog": 0
          },
          {
            "t_ns": 1776081613953836304,
            "recv_count": 0,
            "proc_count": 0,
            "backlog": 0
          },
          {
            "t_ns": 1776081614154943076,
            "recv_count": 0,
            "proc_count": 0,
            "backlog": 0
          },
          {
            "t_ns": 1776081614354975756,
            "recv_count": 0,
            "proc_count": 0,
            "backlog": 0
          },
          {
            "t_ns": 1776081614554824491,
            "recv_count": 0,
            "proc_count": 0,
            "backlog": 0
          },
          {
            "t_ns": 1776081614754924457,
            "recv_count": 0,
            "proc_count": 0,
            "backlog": 0
          },
          {
            "t_ns": 1776081614954728747,
            "recv_count": 0,
            "proc_count": 0,
            "backlog": 0
          },
          {
            "t_ns": 1776081615153509943,
            "recv_count": 0,
            "proc_count": 0,