{
  "nodes": [
    "/multi_threaded_node",
    "/rclpy_node",
    "/service_client_node"
  ],
  "topics": [
    {
      "name": "/deadlock_test_topic"
    }
  ],
  "edges": [
    {
      "from": "/deadlock_test_topic",
      "to": "/multi_threaded_node",
      "kind": "sub"
    },
    {
      "from": "/multi_threaded_node",
      "to": "/deadlock_test_topic",
      "kind": "pub"
    }
  ],
  "dynamic_runtime": {
    "runtime": {
      "start_time_ns": 1776081774991244107,
      "end_time_ns": 1776081781899518670,
      "duration_sec": 6.908274563
    },
    "timer": {
      "sample_interval_sec": 0.2,
      "trigger_count": 24,
      "trigger_interval_ms": {
        "mean": 286.8454810869565,
        "p50": 200.207097,
        "p95": 238.25502709999995,
        "max": 2392.949277
      },
      "trigger_timestamps_ns": [
        1776081775195654232,
        1776081775397276361,
        1776081775600862525,
        1776081775795837882,
        1776081775991984704,
        1776081776192631613,
        1776081776393166840,
        1776081776592174947,
        1776081776792694544,
        1776081776992615436,
        1776081777194602879,
        1776081777393376044,
        1776081777635483167,
        1776081777793034270,
        1776081777993241367,
        1776081780386190644,
        1776081780392380627,
        1776081780593427470,
        1776081780793359615,
        1776081780992909281,
        1776081781192244422,
        1776081781392457360,
        1776081781593657578,
        1776081781793100297
      ]
    },
    "topics_runtime": [
      {
        "topic": "/deadlock_test_topic",
        "type": "std_msgs/msg/String",
        "recv_count": 4,
        "proc_count": 4,
        "recv_rate_hz": 0.5790157822365057,
        "proc_rate_hz": 0.5790157822365057,
        "inter_arrival_ms": {
          "mean": 1247.2201213333333,
          "p50": 522.121459,
          "p95": 2489.1057517,
          "max": 2707.659562
        },
        "callback_processing_ms": {
          "mean": 0.0029745,
          "p50": 0.0032865000000000004,
          "p95": 0.0038992,
          "max": 0.003973
        },
        "latency_ms": {
          "mean": null,
          "p50": null,
          "p95": null,
          "max": null
        },
        "monitor_queue_depth": 50,
        "backlog_max": 0,
        "overflow_risk": false,
        "timeline": [
          {
            "t_ns": 1776081777635483167,
            "recv_count": 0,
            "proc_count": 0,
            "backlog": 0
          },
          {
            "t_ns": 1776081777793034270,
            "recv_count": 1,
            "proc_count": 1,
            "backlog": 0
          },
          {
            "t_ns": 1776081777993241367,
            "recv_count": 1,
            "proc_count": 1,
            "backlog": 0
          },
          {
            "t_ns": 1776081780386190644,
            "recv_count": 1,
            "proc_count": 1,
            "backlog": 0
          },
          {
            "t_ns": 1776081780392380627,
            "recv_count": 1,
            "proc_count": 1,
            "backlog": 0
          },
          {
            "t_ns": 1776081780593427470,
            "recv_count": 2,
            "proc_count": 2,
            "backlog": 0
          },
          {
            "t_ns": 1776081780793359615,
            "recv_count": 2,
            "proc_count": 2,
            "backlog": 0
          },
          {
            "t_ns": 1776081780992909281,
            "recv_count": 3,
            "proc_count": 3,
            "backlog": 0
          },
          {
            "t_ns": 1776081781192244422,
            "recv_count": 3,
            "proc_count": 3,
            "backlog": 0
          },
          {
            "t_ns": 1776081781392457360,
            "recv_count": 3,
            "proc_count": 3,
            "backlog": 0
          },
          {
            "t_ns": 1776081781593657578,
            "recv_count": 4,
            "proc_count": 4,
            "backlog": 0
          },
          {
            "t_ns": 1776081781793100297,
            "recv_count": 4,
            "proc_count": 4,
            "backlog": 0
          }
        ],
        "publisher_endpoints": [
          {
            "node": "/generated/multi_threaded_node",
            "qos_depth": 0,
            "reliability": "ReliabilityPolicy.RELIABLE"
          }
        ],
        "subscription_endpoints": [
          {
            "node": "/generated/multi_threaded_node",
            "qos_depth": 0,
            "reliability": "ReliabilityPolicy.RELIABLE"
          },
          {
            "node": "/dynamic_trace_collector",
            "qos_depth": 0,
            "reliability": "ReliabilityPolicy.BEST_EFFORT"
          }
        ]
      },
      {
        "topic": "/parameter_events",
        "type": "rcl_interfaces/msg/ParameterEvent",
        "recv_count": 0,
        "proc_count": 0,
        "recv_rate_hz": 0.0,
        "proc_rate_hz": 0.0,
        "inter_arrival_ms": {
          "mean": null,
          "p50": null,
          "p95": null,
          "max": null
        },
        "callback_processing_ms": {
          "mean": null,
          "p50": null,
          "p95": null,
          "max": null
        },
        "latency_ms": {
          "mean": null,
          "p50": null,
          "p95": null,
          "max": null
        },
        "monitor_queue_depth": 50,
        "backlog_max": 0,
        "overflow_risk": false,
        "timeline": [
          {
            "t_ns": 1776081775195654232,
            "recv_count": 0,
            "proc_count": 0,
            "backlog": 0
          },
          {
            "t_ns": 1776081775397276361,
            "recv_count": 0,
            "proc_count": 0,
            "backlog": 0
          },
          {
            "t_ns": 1776081775600862525,
            "recv_count": 0,
            "proc_count": 0,
            "backlog": 0
          },
          {
            "t_ns": 1776081775795837882,
            "recv_count": 0,
            "proc_count": 0,
            "backlog": 0
          },
          {
            "t_ns": 1776081775991984704,
            "recv_count": 0,
            "proc_count": 0,
            "backlog": 0
          },
          {
            "t_ns": 1776081776192631613,
            "recv_count": 0,
            "proc_count": 0,
            "backlog": 0
          },
          {
            "t_ns": 1776081776393166840,
            "recv_count": 0,
            "proc_count": 0,
            "backlog": 0
          },
          {
            "t_ns": 1776081776592174947,
            "recv_count": 0,
            "proc_count": 0,
            "backlog": 0
          },
          {
            "t_ns": 1776081776792694544,
            "recv_count": 0,
            "proc_count": 0,
            "backlog": 0
          },
          {
            "t_ns": 1776081776992615436,
            "recv_count": 0,
            "proc_count": 0,
            "backlog": 0
          },
          {
            "t_ns": 1776081777194602879,
            "recv_count": 0,
            "proc_count": 0,
            "backlog": 0
          },
          {
            "t_ns": 1776081777393376044,
            "recv_count": 0,
            "proc_count": 0,
            "backlog": 0
          },
          {
            "t_ns": 1776081777635483167,
            "recv_count": 0,
            "proc_count": 0,
            "backlog": 0
          },
          {
            "t_ns": 1776081777793034270,
            "recv_count": 0,
            "proc_count": 0,
            "backlog": 0
          },
          {
            "t_ns": 1776081777993241367,
            "recv_count": 0,
            "proc_count": 0,
            "backlog": 0
          },
          {
            "t_ns": 1776081780386190644,
            "recv_count": 0,
            "proc_count": 0,
            "backlog": 0
          },
          {
            "t_ns": 1776081780392380627,
            "recv_count": 0,
            "proc_count": 0,